<?xml version="1.0" encoding="UTF-8"?>
<!DOCTYPE mapper
  PUBLIC "-//mybatis.org//DTD Mapper 3.0//EN"
  "http://mybatis.org/dtd/mybatis-3-mapper.dtd">
 
 <mapper namespace="BoardMapper">
<select id = "boardList" resultType ="map">
	SELECT * FROM tb_notice
	where 1=1
	<if test="keyWord != null">
			<if test="select == 'id'"> 
				and member_id like CONCAT('%', #{keyWord}, '%')
			</if>
			<if test="select == 'title'">
				and notice_title like CONCAT('%', #{keyWord}, '%')
			</if>
		</if>
	order by notice_seq desc	
</select>

<select id = "getListCount" resultType = "int">
	select count(*) from tb_notice
	where 1=1 
	<if test="keyWord != null">
			<if test="select == 'id'">
				and member_id like CONCAT('%', #{keyWord}, '%')
			</if>
			<if test="select == 'title'">
				and notice_title like CONCAT('%', #{keyWord}, '%')
			</if>
		</if>
	
</select>


<insert id= "boardWrite" parameterType ="map">
INSERT INTO tb_notice
 (
 notice_title
 ,notice_cont
 ,member_id
 ,regdt
 ) 
 values
  ( 
  #{notice_title}
  , #{notice_cont}
  , #{member_id}
  , NOW()
  ) 
 </insert>
 
 <!-- (sql 변수) vlaues  (${Dao 멤버변수}) -->
  
 <select id="getdetail" resultType ="map">
select * from tb_notice
where notice_seq = #{notice_seq}
 </select>


 <update id ="boardModify" parameterType="map">
 UPDATE tb_notice
		   SET notice_title = #{notice_title},
		   	   notice_cont  = #{notice_cont}
		 WHERE notice_seq = #{notice_seq} 
 </update>


<delete id = "deleteNotice" parameterType ="map">
delete from tb_notice where notice_seq=#{notice_seq}
</delete>



</mapper>

